tag	tracks
happy	1593
melodic	1213
dark	1191
relaxing	1146
energetic	1019
film	1011
epic	963
love	848
meditative	742
emotional	697
uplifting	693
advertising	673
sad	672
deep	635
dream	621
christmas	616
documentary	612
corporate	609
emotion	579
romantic	552
positive	539
inspiring	521
motivational	513
summer	505
space	503
background	496
soundscape	480
fun	480
soft	465
ambiental	460
calm	457
adventure	448
upbeat	444
slow	437
filmmusic	430
commercial	428
drama	424
movie	413
action	407
inspirational	369
dreamy	360
children	344
ballad	334
dramatic	317
party	266
game	261
nature	259
cool	251
powerful	238
retro	213
funny	203
melancholic	198
energic	197
groovy	194
holiday	176
travel	171
melancholy	166
horror	158
energy	157
heavy	156
mellow	154
sexy	122
fast	119
lovesong	80
